{
  "0":{
    "y":-112340.953125,
    "x":19306.78125,
    "name":"test",
    "rot":0.073701143264771
  },
  "1":{
    "y":-122340.953125,
    "x":11306.78125,
    "name":"test2",
    "rot":-2.073701143264771
  },
  "2":{
    "y":-82340.953125,
    "x":8306.78125,
    "name":"test3",
    "rot":1.073701143264771
  },
  "3":{
    "y":-0.953125,
    "x":0.78125,
    "name":"test3",
    "rot":1.073701143264771
  }
}